{"cameraMode":{"drawMode":0,"name":"Shaded","section":"Shading Mode"},"sceneLighting":true,"audioPlay":false,"sceneViewState":{"m_AlwaysRefresh":false,"showFog":true,"showSkybox":false,"showFlares":true,"showImageEffects":true,"showParticleSystems":true,"showVisualEffectGraphs":true,"m_FxEnabled":true},"in2DMode":false,"pivot":{"x":890.8401489257813,"y":20.445148468017579,"z":900.6796264648438},"rotation":{"x":0.04497996345162392,"y":0.015585293062031269,"z":-0.0007033591973595321,"w":0.9988728165626526},"size":11.369626998901368,"orthographic":false}